{
  "classification_report": {
    "0": {
      "precision": 0.9114176245210728,
      "recall": 0.861235011295835,
      "f1-score": 0.885615999761731,
      "support": 34526.0
    },
    "1": {
      "precision": 0.6029009531703274,
      "recall": 0.7156631247540338,
      "f1-score": 0.6544603895811777,
      "support": 10164.0
    },
    "accuracy": 0.8281270977847394,
    "macro avg": {
      "precision": 0.7571592888457002,
      "recall": 0.7884490680249344,
      "f1-score": 0.7700381946714543,
      "support": 44690.0
    },
    "weighted avg": {
      "precision": 0.8412506196517737,
      "recall": 0.8281270977847394,
      "f1-score": 0.8330434864058316,
      "support": 44690.0
    }
  },
  "best_threshold": 0.6672242879867554,
  "f1_score": 0.6544603890848344,
  "roc_auc": 0.8832216442100693,
  "avg_precision": 0.7098002365382936,
  "confusion_matrix": [
    [
      29735,
      4791
    ],
    [
      2890,
      7274
    ]
  ]
}